"Data Source","World Development Indicators",

"Last Updated Date","2022-04-27",

"Country Name","Country Code","Indicator Name","Indicator Code","1960","1961","1962","1963","1964","1965","1966","1967","1968","1969","1970","1971","1972","1973","1974","1975","1976","1977","1978","1979","1980","1981","1982","1983","1984","1985","1986","1987","1988","1989","1990","1991","1992","1993","1994","1995","1996","1997","1998","1999","2000","2001","2002","2003","2004","2005","2006","2007","2008","2009","2010","2011","2012","2013","2014","2015","2016","2017","2018","2019","2020","2021",
"Aruba","ABW","Pump price for gasoline (US$ per liter)","EP.PMP.SGAS.CD","","","","","","","","","","","","","","","","","","","","","","","","","","","","","","","","","","","","","","","","","","","","","","","","","","","","","","","","","","","","","","",
"Africa Eastern and Southern","AFE","Pump price for gasoline (US$ per liter)","EP.PMP.SGAS.CD","","","","","","","","","","","","","","","","","","","","","","","","","","","","","","","","0.58","0.51","","","0.52","","","0.45","","0.56","","0.52","","0.88","","1.04","","1.215","","1.285","","1.47","","1.375","","0.95","","","","","",
"Afghanistan","AFG","Pump price for gasoline (US$ per liter)","EP.PMP.SGAS.CD","","","","","","","","","","","","","","","","","","","","","","","","","","","","","","","","","","","","","","","","","","","0.34","","0.53","","0.68","","1.05","","1.15","","1.28","","1.07","","0.7","","","","","",
"Africa Western and Central","AFW","Pump price for gasoline (US$ per liter)","EP.PMP.SGAS.CD","","","","","","","","","","","","","","","","","","","","","","","","","","","","","","","","0.86","0.85","","","0.795","","","0.68","","0.64","","0.685","","0.885","","1.03","","1.085","","1.19","","1.17","","1.245","","0.95","","","","","",
"Angola","AGO","Pump price for gasoline (US$ per liter)","EP.PMP.SGAS.CD","","","","","","","","","","","","","","","","","","","","","","","","","","","","","","","","","","","","","","","0.38","","0.3","","0.19","","0.39","","0.5","","0.53","","0.65","","0.63","","0.76","","0.97","","","","","",
"Albania","ALB","Pump price for gasoline (US$ per liter)","EP.PMP.SGAS.CD","","","","","","","","","","","","","","","","","","","","","","","","","","","","","","","","","","","","","","","0.86","","0.57","","0.8","","1.23","","1.44","","1.36","","1.46","","1.81","","1.76","","1.36","","","","","",
"Andorra","AND","Pump price for gasoline (US$ per liter)","EP.PMP.SGAS.CD","","","","","","","","","","","","","","","","","","","","","","","","","","","","","","","","","","","","","","","","","","","","","","","","","1.24","","1.49","","1.67","","1.51","","","","","","","",
"Arab World","ARB","Pump price for gasoline (US$ per liter)","EP.PMP.SGAS.CD","","","","","","","","","","","","","","","","","","","","","","","","","","","","","","","","","","","","","","","0.31","","0.28","","0.295","","0.32","","0.37","","0.49","","0.55","","0.58","","0.825","","0.67","","","","","",
"United Arab Emirates","ARE","Pump price for gasoline (US$ per liter)","EP.PMP.SGAS.CD","","","","","","","","","","","","","","","","","","","","","","","","","","","","","","","","","","","","","","","0.23","","0.25","","0.29","","0.28","","0.37","","0.45","","0.47","","0.47","","0.47","","0.49","","","","","",
"Argentina","ARG","Pump price for gasoline (US$ per liter)","EP.PMP.SGAS.CD","","","","","","","","","","","","","","","","","","","","","","","","","","","","","","","","","0.79","","","0.6","","","0.94","","1.07","","0.63","","0.63","","0.62","","0.78","","0.96","","1.46","","1.52","","1.1","","","","","",
"Armenia","ARM","Pump price for gasoline (US$ per liter)","EP.PMP.SGAS.CD","","","","","","","","","","","","","","","","","","","","","","","","","","","","","","","","","","","","","","","0.49","","0.55","","0.42","","0.68","","0.96","","1.08","","1.08","","1.25","","1.3","","0.77","","","","","",
"American Samoa","ASM","Pump price for gasoline (US$ per liter)","EP.PMP.SGAS.CD","","","","","","","","","","","","","","","","","","","","","","","","","","","","","","","","","","","","","","","","","","","","","","","","","","","","","","","","","","","","","","",
"Antigua and Barbuda","ATG","Pump price for gasoline (US$ per liter)","EP.PMP.SGAS.CD","","","","","","","","","","","","","","","","","","","","","","","","","","","","","","","","","","","","","","","","","0.56","","","","0.68","","0.97","","1.11","","0.99","","","","","","","","","","","",
"Australia","AUS","Pump price for gasoline (US$ per liter)","EP.PMP.SGAS.CD","","","","","","","","","","","","","","","","","","","","","","","","","","","","","","","","","","","","","","","0.46","","0.57","","0.5","","0.85","","0.93","","0.74","","1.27","","1.39","","1.23","","0.93","","","","","",
"Austria","AUT","Pump price for gasoline (US$ per liter)","EP.PMP.SGAS.CD","","","","","","","","","","","","","","","","","","","","","","","","","","","","","","","","","","","","1.15","","","1.04","","0.82","","0.84","","1.32","","1.32","","1.37","","1.63","","1.81","","1.6","","1.2","","","","","",
"Azerbaijan","AZE","Pump price for gasoline (US$ per liter)","EP.PMP.SGAS.CD","","","","","","","","","","","","","","","","","","","","","","","","","","","","","","","","","","","","","","","0.46","","0.39","","0.37","","0.41","","0.46","","0.74","","0.75","","0.76","","1.21","","0.56","","","","","",
"Burundi","BDI","Pump price for gasoline (US$ per liter)","EP.PMP.SGAS.CD","","","","","","","","","","","","","","","","","","","","","","","","","","","","","","","","0.63","0.59","","","0.52","","","0.72","","1.01","","0.58","","1.04","","1.2","","1.39","","1.43","","1.47","","1.53","","1.21","","","","","",
"Belgium","BEL","Pump price for gasoline (US$ per liter)","EP.PMP.SGAS.CD","","","","","","","","","","","","","","","","","","","","","","","","","","","","","","","","","","","","1.18","","","1.12","","0.96","","1.04","","1.5","","1.63","","1.5","","1.87","","2.09","","1.9","","1.43","","","","","",
"Benin","BEN","Pump price for gasoline (US$ per liter)","EP.PMP.SGAS.CD","","","","","","","","","","","","","","","","","","","","","","","","","","","","","","","","0.63","0.62","","","0.36","","","0.39","","0.48","","0.54","","0.77","","0.81","","1.03","","1.04","","1.24","","1.03","","0.72","","","","","",
"Burkina Faso","BFA","Pump price for gasoline (US$ per liter)","EP.PMP.SGAS.CD","","","","","","","","","","","","","","","","","","","","","","","","","","","","","","","","1.03","1","","","0.81","","","0.68","","0.68","","0.83","","1.18","","1.15","","1.38","","1.44","","1.43","","1.4","","0.98","","","","","",
"Bangladesh","BGD","Pump price for gasoline (US$ per liter)","EP.PMP.SGAS.CD","","","","","","","","","","","","","","","","","","","","","","","","","","","","","","","","","","","","0.36","","","0.47","","0.46","","0.52","","0.59","","0.79","","1.17","","1.09","","1.15","","1.3","","1.12","","","","","",
"Bulgaria","BGR","Pump price for gasoline (US$ per liter)","EP.PMP.SGAS.CD","","","","","","","","","","","","","","","","","","","","","","","","","","","","","","","","","","","","0.46","","","0.66","","0.7","","0.68","","0.92","","1.05","","1.28","","1.51","","1.69","","1.49","","1.11","","","","","",
"Bahrain","BHR","Pump price for gasoline (US$ per liter)","EP.PMP.SGAS.CD","","","","","","","","","","","","","","","","","","","","","","","","","","","","","","","","","","","","","","","0.26","","0.27","","0.27","","0.27","","0.21","","0.21","","0.21","","0.27","","","","0.43","","","","","",
"Bahamas, The","BHS","Pump price for gasoline (US$ per liter)","EP.PMP.SGAS.CD","","","","","","","","","","","","","","","","","","","","","","","","","","","","","","","","","","","","","","","","","","","","","","","","","","","","","","","1.05","","0.92","","","","","",
"Bosnia and Herzegovina","BIH","Pump price for gasoline (US$ per liter)","EP.PMP.SGAS.CD","","","","","","","","","","","","","","","","","","","","","","","","","","","","","","","","","","","","","","","0.66","","0.68","","0.74","","0.97","","1.34","","1.13","","1.42","","1.59","","1.51","","1.05","","","","","",
"Belarus","BLR","Pump price for gasoline (US$ per liter)","EP.PMP.SGAS.CD","","","","","","","","","","","","","","","","","","","","","","","","","","","","","","","","","","","","","","","0.34","","0.55","","0.5","","0.62","","0.79","","1.33","","1.08","","0.88","","1.06","","0.6","","","","","",
"Belize","BLZ","Pump price for gasoline (US$ per liter)","EP.PMP.SGAS.CD","","","","","","","","","","","","","","","","","","","","","","","","","","","","","","","","","","","","","","","","","","","","","1.2","","1.27","","0.7","","1.13","","1.44","","1.37","","1.13","","","","","",
"Bermuda","BMU","Pump price for gasoline (US$ per liter)","EP.PMP.SGAS.CD","","","","","","","","","","","","","","","","","","","","","","","","","","","","","","","","","","","","","","","","","","","","","","","","","","","","","","","","","","","","","","",
"Bolivia","BOL","Pump price for gasoline (US$ per liter)","EP.PMP.SGAS.CD","","","","","","","","","","","","","","","","","","","","","","","","","","","","","","","","","0.43","","","0.38","","","0.53","","0.8","","0.69","","0.54","","0.54","","0.68","","0.7","","0.7","","0.7","","0.71","","","","","",
"Brazil","BRA","Pump price for gasoline (US$ per liter)","EP.PMP.SGAS.CD","","","","","","","","","","","","","","","","","","","","","","","","","","","","","","","","","0.53","","","0.63","","","0.8","","0.92","","0.55","","0.84","","1.26","","1.26","","1.58","","1.39","","1.27","","1.02","","","","","",
"Barbados","BRB","Pump price for gasoline (US$ per liter)","EP.PMP.SGAS.CD","","","","","","","","","","","","","","","","","","","","","","","","","","","","","","","","","","","","","","","0.72","","0.95","","0.66","","0.82","","1.11","","1","","1.25","","","","1.81","","","","","","","",
"Brunei Darussalam","BRN","Pump price for gasoline (US$ per liter)","EP.PMP.SGAS.CD","","","","","","","","","","","","","","","","","","","","","","","","","","","","","","","","","","","","","","","0.34","","0.31","","0.3","","0.32","","0.34","","0.38","","0.39","","0.43","","0.41","","0.37","","","","","",
"Bhutan","BTN","Pump price for gasoline (US$ per liter)","EP.PMP.SGAS.CD","","","","","","","","","","","","","","","","","","","","","","","","","","","","","","","","","","","","","","","0.59","","0.58","","","","0.78","","","","0.91","","1.08","","1.19","","1.04","","0.98","","","","","",
"Botswana","BWA","Pump price for gasoline (US$ per liter)","EP.PMP.SGAS.CD","","","","","","","","","","","","","","","","","","","","","","","","","","","","","","","","0.68","0.41","","","0.38","","","0.31","","0.42","","0.41","","0.66","","0.78","","0.88","","0.93","","1.23","","1.06","","0.71","","","","","",
"Central African Republic","CAF","Pump price for gasoline (US$ per liter)","EP.PMP.SGAS.CD","","","","","","","","","","","","","","","","","","","","","","","","","","","","","","","","1.33","1.28","","","0.82","","","0.81","","","","1","","1.29","","1.37","","1.44","","1.71","","1.71","","1.69","","1.41","","","","","",
"Canada","CAN","Pump price for gasoline (US$ per liter)","EP.PMP.SGAS.CD","","","","","","","","","","","","","","","","","","","","","","","","","","","","","","","","","0.47","","","0.45","","","0.41","","0.58","","0.51","","0.68","","0.84","","0.76","","1.21","","1.32","","1.17","","0.81","","","","","",
"Central Europe and the Baltics","CEB","Pump price for gasoline (US$ per liter)","EP.PMP.SGAS.CD","","","","","","","","","","","","","","","","","","","","","","","","","","","","","","","","","","","","0.55","","","0.61","","0.69","","0.74","","1.08","","1.26","","1.27","","1.59","","1.8","","1.58","","1.16","","","","","",
"Switzerland","CHE","Pump price for gasoline (US$ per liter)","EP.PMP.SGAS.CD","","","","","","","","","","","","","","","","","","","","","","","","","","","","","","","","","","","","1.02","","","0.86","","0.78","","0.89","","1.29","","1.27","","1.3","","1.66","","1.88","","1.74","","1.45","","","","","",
"Channel Islands","CHI","Pump price for gasoline (US$ per liter)","EP.PMP.SGAS.CD","","","","","","","","","","","","","","","","","","","","","","","","","","","","","","","","","","","","","","","","","","","","","","","","","","","","","","","","","","","","","","",
"Chile","CHL","Pump price for gasoline (US$ per liter)","EP.PMP.SGAS.CD","","","","","","","","","","","","","","","","","","","","","","","","","","","","","","","","","0.43","","","0.53","","","0.49","","0.64","","0.58","","0.85","","1.09","","0.95","","1.38","","1.56","","1.52","","1.03","","","","","",
"China","CHN","Pump price for gasoline (US$ per liter)","EP.PMP.SGAS.CD","","","","","","","","","","","","","","","","","","","","","","","","","","","","","","","","","","","","0.27","","","0.28","","0.4","","0.42","","0.48","","0.69","","0.99","","1.11","","1.37","","1.17","","0.96","","","","","",
"Cote d'Ivoire","CIV","Pump price for gasoline (US$ per liter)","EP.PMP.SGAS.CD","","","","","","","","","","","","","","","","","","","","","","","","","","","","","","","","1.24","1.23","","","0.83","","","0.74","","0.76","","0.85","","1.14","","1.2","","1.33","","1.68","","1.51","","1.42","","0.93","","","","","",
"Cameroon","CMR","Pump price for gasoline (US$ per liter)","EP.PMP.SGAS.CD","","","","","","","","","","","","","","","","","","","","","","","","","","","","","","","","0.68","0.69","","","0.68","","","0.64","","0.56","","0.68","","0.95","","1.14","","1.14","","1.2","","1.1","","1.24","","1.03","","","","","",
"Congo, Dem. Rep.","COD","Pump price for gasoline (US$ per liter)","EP.PMP.SGAS.CD","","","","","","","","","","","","","","","","","","","","","","","","","","","","","","","","0.81","0.74","","","0.73","","","0.5","","1","","0.7","","0.92","","0.94","","1.23","","1.28","","1.48","","1.68","","1.49","","","","","",
"Congo, Rep.","COG","Pump price for gasoline (US$ per liter)","EP.PMP.SGAS.CD","","","","","","","","","","","","","","","","","","","","","","","","","","","","","","","","1.05","","","","","","","0.72","","0.53","","0.69","","0.87","","0.96","","0.81","","1.27","","1.15","","1.13","","0.97","","","","","",
"Colombia","COL","Pump price for gasoline (US$ per liter)","EP.PMP.SGAS.CD","","","","","","","","","","","","","","","","","","","","","","","","","","","","","","","","","0.23","","","0.35","","","0.24","","0.49","","0.44","","0.72","","0.98","","1.04","","1.41","","1.28","","1.08","","0.68","","","","","",
"Comoros","COM","Pump price for gasoline (US$ per liter)","EP.PMP.SGAS.CD","","","","","","","","","","","","","","","","","","","","","","","","","","","","","","","","","","","","","","","","","","","","","","","","","","","","","","","","","","","","","","",
"Cabo Verde","CPV","Pump price for gasoline (US$ per liter)","EP.PMP.SGAS.CD","","","","","","","","","","","","","","","","","","","","","","","","","","","","","","","","0.68","","","","","","","0.81","","0.59","","","","1.4","","","","1.84","","1.84","","2.3","","1.56","","1.02","","","","","",
"Costa Rica","CRI","Pump price for gasoline (US$ per liter)","EP.PMP.SGAS.CD","","","","","","","","","","","","","","","","","","","","","","","","","","","","","","","","","","","","","","","","","","","0.64","","0.78","","0.98","","1.24","","1.14","","1.57","","1.44","","0.98","","","","","",
"Caribbean small states","CSS","Pump price for gasoline (US$ per liter)","EP.PMP.SGAS.CD","","","","","","","","","","","","","","","","","","","","","","","","","","","","","","","","","","","","","","","","","0.56","","","","0.705","","0.94","","0.875","","1.02","","","","1.29","","","","","","","",
"Cuba","CUB","Pump price for gasoline (US$ per liter)","EP.PMP.SGAS.CD","","","","","","","","","","","","","","","","","","","","","","","","","","","","","","","","","","","","","","","0.5","","","","0.9","","0.95","","1.1","","1.67","","1.72","","1.4","","1.4","","","","","","","",
"Curacao","CUW","Pump price for gasoline (US$ per liter)","EP.PMP.SGAS.CD","","","","","","","","","","","","","","","","","","","","","","","","","","","","","","","","","","","","","","","","","","","","","","","","","","","","","","","","","","","","","","",
"Cayman Islands","CYM","Pump price for gasoline (US$ per liter)","EP.PMP.SGAS.CD","","","","","","","","","","","","","","","","","","","","","","","","","","","","","","","","","","","","","","","","","","","","","","","","","","","","","","","","","","","","","","",
"Cyprus","CYP","Pump price for gasoline (US$ per liter)","EP.PMP.SGAS.CD","","","","","","","","","","","","","","","","","","","","","","","","","","","","","","","","","","","","","","","0.78","","0.57","","0.83","","1.08","","1.25","","1.28","","1.47","","1.77","","1.61","","1.23","","","","","",
"Czech Republic","CZE","Pump price for gasoline (US$ per liter)","EP.PMP.SGAS.CD","","","","","","","","","","","","","","","","","","","","","","","","","","","","","","","","","","","","0.85","","","0.72","","0.77","","0.81","","1.08","","1.3","","1.37","","1.75","","1.93","","1.67","","1.17","","","","","",
"Germany","DEU","Pump price for gasoline (US$ per liter)","EP.PMP.SGAS.CD","","","","","","","","","","","","","","","","","","","","","","","","","","","","","","","","","","","","1.12","","","0.96","","0.91","","1.03","","1.46","","1.55","","1.56","","1.9","","1.96","","1.8","","1.39","","","","","",
"Djibouti","DJI","Pump price for gasoline (US$ per liter)","EP.PMP.SGAS.CD","","","","","","","","","","","","","","","","","","","","","","","","","","","","","","","","","","","","","","","","","","","","","","","","","","","1.63","","1.75","","1.41","","1.32","","","","","",
"Dominica","DMA","Pump price for gasoline (US$ per liter)","EP.PMP.SGAS.CD","","","","","","","","","","","","","","","","","","","","","","","","","","","","","","","","","","","","","","","","","","","","","","","","","","","","","","","","","","","","","","",
"Denmark","DNK","Pump price for gasoline (US$ per liter)","EP.PMP.SGAS.CD","","","","","","","","","","","","","","","","","","","","","","","","","","","","","","","","","","","","1.08","","","1.05","","1.01","","1.09","","1.51","","1.58","","1.54","","2","","2.02","","2.01","","1.55","","","","","",
"Dominican Republic","DOM","Pump price for gasoline (US$ per liter)","EP.PMP.SGAS.CD","","","","","","","","","","","","","","","","","","","","","","","","","","","","","","","","","","","","0.4","","","0.4","","0.71","","0.49","","0.85","","1.03","","1.04","","1.23","","1.58","","1.41","","1.07","","","","","",
"Algeria","DZA","Pump price for gasoline (US$ per liter)","EP.PMP.SGAS.CD","","","","","","","","","","","","","","","","","","","","","","","","","","","","","","","","0.15","0.2","","","0.4","","","0.31","","0.27","","0.22","","0.32","","0.32","","0.34","","0.32","","0.29","","0.27","","0.28","","","","","",
"East Asia & Pacific (excluding high income)","EAP","Pump price for gasoline (US$ per liter)","EP.PMP.SGAS.CD","","","","","","","","","","","","","","","","","","","","","","","","","","","","","","","","","","","","","","","0.31","","0.385","","","","0.54","","0.71","","0.915","","1.08","","1.31","","1.17","","0.82","","","","","",
"Early-demographic dividend","EAR","Pump price for gasoline (US$ per liter)","EP.PMP.SGAS.CD","","","","","","","","","","","","","","","","","","","","","","","","","","","","","","","","","","","","","","","0.41","","0.53","","0.515","","0.625","","0.8","","0.87","","1.02","","1.24","","1.14","","0.91","","","","","",
"East Asia & Pacific","EAS","Pump price for gasoline (US$ per liter)","EP.PMP.SGAS.CD","","","","","","","","","","","","","","","","","","","","","","","","","","","","","","","","","","","","","","","0.41","","0.445","","0.42","","0.68","","0.87","","0.94","","1.205","","1.36","","1.23","","0.9","","","","","",
"Europe & Central Asia (excluding high income)","ECA","Pump price for gasoline (US$ per liter)","EP.PMP.SGAS.CD","","","","","","","","","","","","","","","","","","","","","","","","","","","","","","","","","","","","","","","0.49","","0.55","","0.49","","0.705","","0.91","","1.11","","1.13","","1.42","","1.3","","0.83","","","","","",
"Europe & Central Asia","ECS","Pump price for gasoline (US$ per liter)","EP.PMP.SGAS.CD","","","","","","","","","","","","","","","","","","","","","","","","","","","","","","","","","","","","0.84","","","0.67","","0.72","","0.8","","1.17","","1.29","","1.28","","1.59","","1.805","","1.6","","1.18","","","","","",
"Ecuador","ECU","Pump price for gasoline (US$ per liter)","EP.PMP.SGAS.CD","","","","","","","","","","","","","","","","","","","","","","","","","","","","","","","","","0.31","","","0.33","","","0.38","","0.31","","0.55","","0.54","","0.47","","0.51","","0.53","","0.58","","0.6","","0.61","","","","","",
"Egypt, Arab Rep.","EGY","Pump price for gasoline (US$ per liter)","EP.PMP.SGAS.CD","","","","","","","","","","","","","","","","","","","","","","","","","","","","","","","","0.29","0.3","","","0.29","","","0.29","","0.26","","0.19","","0.28","","0.3","","0.49","","0.48","","0.45","","0.88","","0.4","","","","","",
"Euro area","EMU","Pump price for gasoline (US$ per liter)","EP.PMP.SGAS.CD","","","","","","","","","","","","","","","","","","","","","","","","","","","","","","","","","","","","0.925","","","0.84","","0.75","","0.84","","1.21","","1.34","","1.5","","1.7","","1.92","","1.79","","1.36","","","","","",
"Eritrea","ERI","Pump price for gasoline (US$ per liter)","EP.PMP.SGAS.CD","","","","","","","","","","","","","","","","","","","","","","","","","","","","","","","","","0.5","","","0.4","","","0.37","","0.56","","0.36","","0.8","","1.9","","2.53","","2.54","","2.49","","3.33","","2","","","","","",
"Spain","ESP","Pump price for gasoline (US$ per liter)","EP.PMP.SGAS.CD","","","","","","","","","","","","","","","","","","","","","","","","","","","","","","","","","","","","0.89","","","0.84","","0.73","","0.83","","1.21","","1.15","","1.23","","1.56","","1.75","","1.63","","1.26","","","","","",
"Estonia","EST","Pump price for gasoline (US$ per liter)","EP.PMP.SGAS.CD","","","","","","","","","","","","","","","","","","","","","","","","","","","","","","","","","","","","0.33","","","0.45","","0.6","","0.58","","0.94","","1.23","","1.18","","1.54","","1.76","","1.46","","1.14","","","","","",
"Ethiopia","ETH","Pump price for gasoline (US$ per liter)","EP.PMP.SGAS.CD","","","","","","","","","","","","","","","","","","","","","","","","","","","","","","","","0.27","0.26","","","0.32","","","0.36","","0.46","","0.52","","0.6","","0.93","","0.92","","0.91","","1.05","","0.99","","0.75","","","","","",
"European Union","EUU","Pump price for gasoline (US$ per liter)","EP.PMP.SGAS.CD","","","","","","","","","","","","","","","","","","","","","","","","","","","","","","","","","","","","0.865","","","0.78","","0.76","","0.84","","1.21","","1.32","","1.38","","1.67","","1.91","","1.77","","1.32","","","","","",
"Fragile and conflict affected situations","FCS","Pump price for gasoline (US$ per liter)","EP.PMP.SGAS.CD","","","","","","","","","","","","","","","","","","","","","","","","","","","","","","","","","","","","","","","0.49","","0.555","","0.525","","0.835","","0.96","","1.1","","1.15","","1.25","","1.21","","0.9","","","","","",
"Finland","FIN","Pump price for gasoline (US$ per liter)","EP.PMP.SGAS.CD","","","","","","","","","","","","","","","","","","","","","","","","","","","","","","","","","","","","1.2","","","1.17","","1.06","","1.12","","1.54","","1.55","","1.57","","1.94","","2.08","","1.89","","1.45","","","","","",
"Fiji","FJI","Pump price for gasoline (US$ per liter)","EP.PMP.SGAS.CD","","","","","","","","","","","","","","","","","","","","","","","","","","","","","","","","","","","","","","","0.5","","","","","","0.91","","1.07","","1.15","","","","1.41","","1.34","","0.82","","","","","",
"France","FRA","Pump price for gasoline (US$ per liter)","EP.PMP.SGAS.CD","","","","","","","","","","","","","","","","","","","","","","","","","","","","","","","","","","","","1.17","","","1.11","","0.99","","1.05","","1.42","","1.48","","1.52","","1.98","","1.91","","1.79","","1.39","","","","","",
"Faroe Islands","FRO","Pump price for gasoline (US$ per liter)","EP.PMP.SGAS.CD","","","","","","","","","","","","","","","","","","","","","","","","","","","","","","","","","","","","","","","","","","","","","","","","","","","","","","","","","","","","","","",
"Micronesia, Fed. Sts.","FSM","Pump price for gasoline (US$ per liter)","EP.PMP.SGAS.CD","","","","","","","","","","","","","","","","","","","","","","","","","","","","","","","","","","","","","","","","","","","","","","","","","","","","","","","","","","","","","","",
"Gabon","GAB","Pump price for gasoline (US$ per liter)","EP.PMP.SGAS.CD","","","","","","","","","","","","","","","","","","","","","","","","","","","","","","","","1.18","1.16","","","","","","0.63","","0.53","","0.69","","0.9","","0.64","","1.14","","","","1.04","","1.02","","0.92","","","","","",
"United Kingdom","GBR","Pump price for gasoline (US$ per liter)","EP.PMP.SGAS.CD","","","","","","","","","","","","","","","","","","","","","","","","","","","","","","","","","","","","0.92","","","1.11","","1.17","","1.18","","1.56","","1.63","","1.44","","1.92","","2.17","","1.92","","1.46","","","","","",
"Georgia","GEO","Pump price for gasoline (US$ per liter)","EP.PMP.SGAS.CD","","","","","","","","","","","","","","","","","","","","","","","","","","","","","","","","","","","","","","","0.46","","","","0.48","","0.73","","0.86","","1.09","","1.13","","1.34","","1.24","","0.76","","","","","",
"Ghana","GHA","Pump price for gasoline (US$ per liter)","EP.PMP.SGAS.CD","","","","","","","","","","","","","","","","","","","","","","","","","","","","","","","","0.53","0.53","","","0.38","","","0.32","","0.2","","0.28","","0.49","","0.86","","0.9","","0.82","","0.92","","1.06","","0.92","","","","","",
"Gibraltar","GIB","Pump price for gasoline (US$ per liter)","EP.PMP.SGAS.CD","","","","","","","","","","","","","","","","","","","","","","","","","","","","","","","","","","","","","","","","","","","","","","","","","","","","","","","","","","","","","","",
"Guinea","GIN","Pump price for gasoline (US$ per liter)","EP.PMP.SGAS.CD","","","","","","","","","","","","","","","","","","","","","","","","","","","","","","","","0.67","0.61","","","","","","0.68","","0.85","","0.66","","0.75","","0.79","","1.02","","0.95","","1.34","","1.45","","0.9","","","","","",
"Gambia, The","GMB","Pump price for gasoline (US$ per liter)","EP.PMP.SGAS.CD","","","","","","","","","","","","","","","","","","","","","","","","","","","","","","","","0.73","0.67","","","","","","0.83","","0.64","","0.46","","0.75","","1.08","","0.79","","","","","","1.37","","1.18","","","","","",
"Guinea-Bissau","GNB","Pump price for gasoline (US$ per liter)","EP.PMP.SGAS.CD","","","","","","","","","","","","","","","","","","","","","","","","","","","","","","","","","","","","","","","","","","","","","","","","","","","","","","","","","","","","","","",
"Equatorial Guinea","GNQ","Pump price for gasoline (US$ per liter)","EP.PMP.SGAS.CD","","","","","","","","","","","","","","","","","","","","","","","","","","","","","","","","","","","","","","","","","","","","","","","","","","","","","","","","","","","","","","",
"Greece","GRC","Pump price for gasoline (US$ per liter)","EP.PMP.SGAS.CD","","","","","","","","","","","","","","","","","","","","","","","","","","","","","","","","","","","","0.88","","","0.65","","0.72","","0.78","","1.14","","1.16","","1.23","","2.05","","2.06","","1.98","","1.54","","","","","",
"Grenada","GRD","Pump price for gasoline (US$ per liter)","EP.PMP.SGAS.CD","","","","","","","","","","","","","","","","","","","","","","","","","","","","","","","","","","","","","","","0.54","","0.54","","0.54","","0.73","","0.89","","1.28","","1.02","","1.4","","","","1.12","","","","","",
"Greenland","GRL","Pump price for gasoline (US$ per liter)","EP.PMP.SGAS.CD","","","","","","","","","","","","","","","","","","","","","","","","","","","","","","","","","","","","","","","","","","","","","","","","","","","","","","","","","","","","","","",
"Guatemala","GTM","Pump price for gasoline (US$ per liter)","EP.PMP.SGAS.CD","","","","","","","","","","","","","","","","","","","","","","","","","","","","","","","","","0.32","","","0.39","","","0.41","","0.53","","0.48","","0.68","","0.78","","0.86","","0.95","","1.14","","1.01","","0.79","","","","","",
"Guam","GUM","Pump price for gasoline (US$ per liter)","EP.PMP.SGAS.CD","","","","","","","","","","","","","","","","","","","","","","","","","","","","","","","","","","","","","","","","","","","","","","","","","","","","","","","","","","","","","","",
"Guyana","GUY","Pump price for gasoline (US$ per liter)","EP.PMP.SGAS.CD","","","","","","","","","","","","","","","","","","","","","","","","","","","","","","","","","","","","","","","0.3","","0.37","","0.31","","0.74","","","","0.84","","0.93","","1.08","","1.15","","0.9","","","","","",
"High income","HIC","Pump price for gasoline (US$ per liter)","EP.PMP.SGAS.CD","","","","","","","","","","","","","","","","","","","","","","","","","","","","","","","","","","","","","","","0.72","","0.76","","0.83","","1.155","","1.27","","1.27","","1.6","","1.84","","1.665","","1.24","","","","","",
"Hong Kong SAR, China","HKG","Pump price for gasoline (US$ per liter)","EP.PMP.SGAS.CD","","","","","","","","","","","","","","","","","","","","","","","","","","","","","","","","0.82","","","","1.19","","","1.36","","1.46","","1.47","","1.54","","1.69","","1.95","","1.92","","2.16","","2.06","","1.86","","","","","",
"Honduras","HND","Pump price for gasoline (US$ per liter)","EP.PMP.SGAS.CD","","","","","","","","","","","","","","","","","","","","","","","","","","","","","","","","","0.41","","","0.35","","","0.5","","0.62","","0.63","","0.81","","0.89","","0.8","","1.04","","1.25","","1.2","","0.98","","","","","",
"Heavily indebted poor countries (HIPC)","HPC","Pump price for gasoline (US$ per liter)","EP.PMP.SGAS.CD","","","","","","","","","","","","","","","","","","","","","","","","","","","","","","","","0.73","0.69","","","0.6","","","0.59","","0.675","","0.66","","0.88","","1.06","","1.13","","1.2","","1.28","","1.29","","0.96","","","","","",
"Croatia","HRV","Pump price for gasoline (US$ per liter)","EP.PMP.SGAS.CD","","","","","","","","","","","","","","","","","","","","","","","","","","","","","","","","","","","","0.75","","","0.67","","0.76","","0.89","","1.24","","1.34","","1.27","","1.59","","1.77","","1.66","","1.26","","","","","",
"Haiti","HTI","Pump price for gasoline (US$ per liter)","EP.PMP.SGAS.CD","","","","","","","","","","","","","","","","","","","","","","","","","","","","","","","","","","","","","","","0.59","","0.64","","0.54","","0.88","","","","1.16","","","","1.25","","1.16","","0.81","","","","","",
"Hungary","HUN","Pump price for gasoline (US$ per liter)","EP.PMP.SGAS.CD","","","","","","","","","","","","","","","","","","","","","","","","","","","","","","","","","","","","0.74","","","0.72","","0.81","","0.94","","1.3","","1.3","","1.27","","1.67","","1.84","","1.58","","1.18","","","","","",
"IBRD only","IBD","Pump price for gasoline (US$ per liter)","EP.PMP.SGAS.CD","","","","","","","","","","","","","","","","","","","","","","","","","","","","","","","","","","","","0.43","","","0.42","","0.53","","0.49","","0.67","","0.825","","0.91","","1.095","","1.29","","1.17","","0.83","","","","","",
"IDA & IBRD total","IBT","Pump price for gasoline (US$ per liter)","EP.PMP.SGAS.CD","","","","","","","","","","","","","","","","","","","","","","","","","","","","","","","","","","","","","","","0.47","","0.555","","0.53","","0.73","","0.89","","1.03","","1.12","","1.295","","1.24","","0.92","","","","","",
"IDA total","IDA","Pump price for gasoline (US$ per liter)","EP.PMP.SGAS.CD","","","","","","","","","","","","","","","","","","","","","","","","","","","","","","","","","","","","","","","0.51","","0.58","","0.55","","0.8","","0.98","","1.115","","1.155","","1.32","","1.305","","0.95","","","","","",
"IDA blend","IDB","Pump price for gasoline (US$ per liter)","EP.PMP.SGAS.CD","","","","","","","","","","","","","","","","","","","","","","","","","","","","","","","","","","","","","","","0.5","","0.535","","0.53","","0.8","","0.98","","1.175","","1.235","","1.37","","1.225","","1.02","","","","","",
"Indonesia","IDN","Pump price for gasoline (US$ per liter)","EP.PMP.SGAS.CD","","","","","","","","","","","","","","","","","","","","","","","","","","","","","","","","0.24","","","","0.44","","","0.16","","0.17","","0.27","","0.27","","0.57","","0.5","","0.79","","0.47","","0.93","","0.63","","","","","",
"IDA only","IDX","Pump price for gasoline (US$ per liter)","EP.PMP.SGAS.CD","","","","","","","","","","","","","","","","","","","","","","","","","","","","","","","","","","","","","","","0.52","","0.62","","0.57","","0.8","","0.98","","1.075","","1.15","","1.31","","1.33","","0.93","","","","","",
"Isle of Man","IMN","Pump price for gasoline (US$ per liter)","EP.PMP.SGAS.CD","","","","","","","","","","","","","","","","","","","","","","","","","","","","","","","","","","","","","","","","","","","","","","","","","","","","","","","","","","","","","","",
"India","IND","Pump price for gasoline (US$ per liter)","EP.PMP.SGAS.CD","","","","","","","","","","","","","","","","","","","","","","","","","","","","","","","","0.56","","","","0.48","","","0.56","","0.6","","0.66","","0.87","","1.01","","1.09","","1.15","","1.25","","1.1","","0.97","","","","","",
"Not classified","INX","Pump price for gasoline (US$ per liter)","EP.PMP.SGAS.CD","","","","","","","","","","","","","","","","","","","","","","","","","","","","","","","","","","","","","","","","","","","","","","","","","","","","","","","","","","","","","","",
"Ireland","IRL","Pump price for gasoline (US$ per liter)","EP.PMP.SGAS.CD","","","","","","","","","","","","","","","","","","","","","","","","","","","","","","","","","","","","0.96","","","1.02","","0.72","","0.9","","1.29","","1.34","","1.56","","1.78","","2.02","","1.92","","1.37","","","","","",
"Iran, Islamic Rep.","IRN","Pump price for gasoline (US$ per liter)","EP.PMP.SGAS.CD","","","","","","","","","","","","","","","","","","","","","","","","","","","","","","","","","","","","","","","0.08","","0.05","","0.07","","0.09","","0.09","","0.1","","0.097","","0.33","","0.374","","0.399","","","","","",
"Iraq","IRQ","Pump price for gasoline (US$ per liter)","EP.PMP.SGAS.CD","","","","","","","","","","","","","","","","","","","","","","","","","","","","","","","","","","","","","","","","","","","","","","","","","","","0.78","","","","0.43","","0.61","","","","","",
"Iceland","ISL","Pump price for gasoline (US$ per liter)","EP.PMP.SGAS.CD","","","","","","","","","","","","","","","","","","","","","","","","","","","","","","","","","","","","","","","1.12","","1.05","","1.16","","1.64","","1.86","","1.15","","1.71","","1.99","","1.85","","1.69","","","","","",
"Israel","ISR","Pump price for gasoline (US$ per liter)","EP.PMP.SGAS.CD","","","","","","","","","","","","","","","","","","","","","","","","","","","","","","","","","","","","0.73","","","0.86","","1.14","","0.9","","1.05","","1.47","","1.37","","1.85","","2.01","","1.88","","1.57","","","","","",
"Italy","ITA","Pump price for gasoline (US$ per liter)","EP.PMP.SGAS.CD","","","","","","","","","","","","","","","","","","","","","","","","","","","","","","","","","","","","1.18","","","1.19","","0.97","","1.05","","1.53","","1.56","","1.57","","1.87","","2.28","","2.14","","1.61","","","","","",
"Jamaica","JAM","Pump price for gasoline (US$ per liter)","EP.PMP.SGAS.CD","","","","","","","","","","","","","","","","","","","","","","","","","","","","","","","","","","","","","","","0.37","","0.62","","0.52","","0.63","","0.82","","0.74","","0.98","","1.2","","1.14","","1.11","","","","","",
"Jordan","JOR","Pump price for gasoline (US$ per liter)","EP.PMP.SGAS.CD","","","","","","","","","","","","","","","","","","","","","","","","","","","","","","","","","","","","0.4","","","0.42","","0.45","","0.52","","0.61","","0.86","","0.61","","1.04","","1.44","","1.27","","1.1","","","","","",
"Japan","JPN","Pump price for gasoline (US$ per liter)","EP.PMP.SGAS.CD","","","","","","","","","","","","","","","","","","","","","","","","","","","","","","","","","","","","1.25","","","1.02","","1.06","","0.91","","1.26","","1.09","","1.42","","1.6","","2","","1.38","","1.06","","","","","",
"Kazakhstan","KAZ","Pump price for gasoline (US$ per liter)","EP.PMP.SGAS.CD","","","","","","","","","","","","","","","","","","","","","","","","","","","","","","","","","","","","0.3","","","0.3","","0.36","","0.35","","0.52","","0.7","","0.83","","0.71","","1.01","","0.81","","0.42","","","","","",
"Kenya","KEN","Pump price for gasoline (US$ per liter)","EP.PMP.SGAS.CD","","","","","","","","","","","","","","","","","","","","","","","","","","","","","","","","0.53","0.4","","","0.56","","","0.7","","0.71","","0.7","","0.92","","1.12","","1.2","","1.33","","1.37","","1.21","","0.95","","","","","",
"Kyrgyz Republic","KGZ","Pump price for gasoline (US$ per liter)","EP.PMP.SGAS.CD","","","","","","","","","","","","","","","","","","","","","","","","","","","","","","","","","","","","","","","0.47","","0.44","","0.39","","0.48","","0.64","","0.8","","0.85","","0.89","","0.94","","0.56","","","","","",
"Cambodia","KHM","Pump price for gasoline (US$ per liter)","EP.PMP.SGAS.CD","","","","","","","","","","","","","","","","","","","","","","","","","","","","","","","","","","","","","","","0.47","","0.61","","0.63","","0.79","","1.01","","0.94","","1.15","","1.35","","1.34","","0.9","","","","","",
"Kiribati","KIR","Pump price for gasoline (US$ per liter)","EP.PMP.SGAS.CD","","","","","","","","","","","","","","","","","","","","","","","","","","","","","","","","","","","","","","","","","","","","","","","","","","","","","","","","","","","","","","",
"St. Kitts and Nevis","KNA","Pump price for gasoline (US$ per liter)","EP.PMP.SGAS.CD","","","","","","","","","","","","","","","","","","","","","","","","","","","","","","","","","","","","","","","","","","","","","","","","","","","","","","","","","","","","","","",
"Korea, Rep.","KOR","Pump price for gasoline (US$ per liter)","EP.PMP.SGAS.CD","","","","","","","","","","","","","","","","","","","","","","","","","","","","","","","","0.54","","","","0.79","","","0.93","","0.92","","1.09","","1.35","","1.65","","1.51","","1.52","","1.8","","1.55","","1.22","","","","","",
"Kuwait","KWT","Pump price for gasoline (US$ per liter)","EP.PMP.SGAS.CD","","","","","","","","","","","","","","","","","","","","","","","","","","","","","","","","","","","","","","","0.17","","0.21","","0.2","","0.24","","0.22","","0.24","","0.23","","0.23","","0.22","","0.35","","","","","",
"Latin America & Caribbean (excluding high income)","LAC","Pump price for gasoline (US$ per liter)","EP.PMP.SGAS.CD","","","","","","","","","","","","","","","","","","","","","","","","","","","","","","","","","","","","","","","0.485","","0.62","","0.55","","0.705","","0.89","","0.865","","1.04","","1.27","","1.19","","0.945","","","","","",
"Lao PDR","LAO","Pump price for gasoline (US$ per liter)","EP.PMP.SGAS.CD","","","","","","","","","","","","","","","","","","","","","","","","","","","","","","","","","","","","","","","0.31","","0.41","","0.36","","0.54","","0.86","","0.92","","1.26","","1.33","","1.4","","0.93","","","","","",
"Lebanon","LBN","Pump price for gasoline (US$ per liter)","EP.PMP.SGAS.CD","","","","","","","","","","","","","","","","","","","","","","","","","","","","","","","","","","","","","","","0.35","","0.53","","0.65","","0.71","","0.74","","0.76","","1.13","","1.11","","0.96","","0.74","","","","","",
"Liberia","LBR","Pump price for gasoline (US$ per liter)","EP.PMP.SGAS.CD","","","","","","","","","","","","","","","","","","","","","","","","","","","","","","","","","","","","","","","","","","","","","0.75","","0.79","","0.77","","0.98","","1.17","","0.91","","0.8","","","","","",
"Libya","LBY","Pump price for gasoline (US$ per liter)","EP.PMP.SGAS.CD","","","","","","","","","","","","","","","","","","","","","","","","","","","","","","","","","","","","","","","0.22","","0.25","","0.1","","0.09","","0.12","","0.14","","0.17","","0.12","","","","0.11","","","","","",
"St. Lucia","LCA","Pump price for gasoline (US$ per liter)","EP.PMP.SGAS.CD","","","","","","","","","","","","","","","","","","","","","","","","","","","","","","","","","","","","","","","","","","","","","","","","","","","","","","","1.3","","","","","","","",
"Latin America & Caribbean","LCN","Pump price for gasoline (US$ per liter)","EP.PMP.SGAS.CD","","","","","","","","","","","","","","","","","","","","","","","","","","","","","","","","","","","","","","","0.49","","0.62","","0.545","","0.705","","0.915","","0.89","","1.065","","1.28","","1.2","","0.92","","","","","",
"Least developed countries: UN classification","LDC","Pump price for gasoline (US$ per liter)","EP.PMP.SGAS.CD","","","","","","","","","","","","","","","","","","","","","","","","","","","","","","","","0.71","0.715","","","","","","0.57","","0.64","","0.605","","0.8","","1.01","","1.13","","1.18","","1.34","","1.34","","0.97","","","","","",
"Low income","LIC","Pump price for gasoline (US$ per liter)","EP.PMP.SGAS.CD","","","","","","","","","","","","","","","","","","","","","","","","","","","","","","","","0.735","0.71","","","0.65","","","0.645","","0.68","","0.57","","0.88","","1.095","","1.175","","1.28","","1.375","","1.37","","0.95","","","","","",
"Liechtenstein","LIE","Pump price for gasoline (US$ per liter)","EP.PMP.SGAS.CD","","","","","","","","","","","","","","","","","","","","","","","","","","","","","","","","","","","","","","","0.85","","0.81","","0.89","","1.29","","1.27","","1.3","","1.66","","1.88","","1.74","","","","","","","",
"Sri Lanka","LKA","Pump price for gasoline (US$ per liter)","EP.PMP.SGAS.CD","","","","","","","","","","","","","","","","","","","","","","","","","","","","","","","","0.75","","","","0.75","","","0.84","","0.66","","0.54","","0.72","","0.88","","1.43","","1.19","","1.29","","1.27","","0.88","","","","","",
"Lower middle income","LMC","Pump price for gasoline (US$ per liter)","EP.PMP.SGAS.CD","","","","","","","","","","","","","","","","","","","","","","","","","","","","","","","","","","","","","","","0.47","","0.53","","0.52","","0.69","","0.86","","0.94","","1.08","","1.25","","1.165","","0.91","","","","","",
"Low & middle income","LMY","Pump price for gasoline (US$ per liter)","EP.PMP.SGAS.CD","","","","","","","","","","","","","","","","","","","","","","","","","","","","","","","","","","","","","","","0.47","","0.55","","0.54","","0.74","","0.89","","1.03","","1.11","","1.29","","1.225","","0.92","","","","","",
"Lesotho","LSO","Pump price for gasoline (US$ per liter)","EP.PMP.SGAS.CD","","","","","","","","","","","","","","","","","","","","","","","","","","","","","","","","","","","","","","","0.39","","0.5","","","","0.73","","0.89","","0.79","","0.97","","1.24","","1.03","","0.7","","","","","",
"Late-demographic dividend","LTE","Pump price for gasoline (US$ per liter)","EP.PMP.SGAS.CD","","","","","","","","","","","","","","","","","","","","","","","","","","","","","","","","","","","","","","","0.47","","0.54","","0.5","","0.725","","0.92","","1.085","","1.2","","1.38","","1.27","","0.88","","","","","",
"Lithuania","LTU","Pump price for gasoline (US$ per liter)","EP.PMP.SGAS.CD","","","","","","","","","","","","","","","","","","","","","","","","","","","","","","","","","","","","0.35","","","0.51","","0.66","","0.69","","1.03","","1.08","","1.13","","1.59","","1.83","","1.57","","1.16","","","","","",
"Luxembourg","LUX","Pump price for gasoline (US$ per liter)","EP.PMP.SGAS.CD","","","","","","","","","","","","","","","","","","","","","","","","","","","","","","","","","","","","0.84","","","0.78","","0.75","","0.76","","1.19","","1.29","","1.4","","1.55","","1.64","","1.52","","1.19","","","","","",
"Latvia","LVA","Pump price for gasoline (US$ per liter)","EP.PMP.SGAS.CD","","","","","","","","","","","","","","","","","","","","","","","","","","","","","","","","","","","","0.41","","","0.55","","0.67","","0.7","","0.94","","1.2","","1.12","","1.48","","1.8","","1.48","","1.16","","","","","",
"Macao SAR, China","MAC","Pump price for gasoline (US$ per liter)","EP.PMP.SGAS.CD","","","","","","","","","","","","","","","","","","","","","","","","","","","","","","","","","","","","","","","","","","","","","","","","","","","","","","","","","","","","","","",
"St. Martin (French part)","MAF","Pump price for gasoline (US$ per liter)","EP.PMP.SGAS.CD","","","","","","","","","","","","","","","","","","","","","","","","","","","","","","","","","","","","","","","","","","","","","","","","","","","","","","","","","","","","","","",
"Morocco","MAR","Pump price for gasoline (US$ per liter)","EP.PMP.SGAS.CD","","","","","","","","","","","","","","","","","","","","","","","","","","","","","","","","0.82","0.75","","","0.94","","","0.79","","0.82","","0.87","","1.1","","1.22","","1.29","","1.23","","1.42","","1.38","","0.99","","","","","",
"Monaco","MCO","Pump price for gasoline (US$ per liter)","EP.PMP.SGAS.CD","","","","","","","","","","","","","","","","","","","","","","","","","","","","","","","","","","","","","","","","","","","","","","","","","1.64","","1.92","","2.23","","2","","","","","","","",
"Moldova","MDA","Pump price for gasoline (US$ per liter)","EP.PMP.SGAS.CD","","","","","","","","","","","","","","","","","","","","","","","","","","","","","","","","","","","","","","","","","","","","","","","","","1.2","","1.21","","1.42","","1.21","","0.8","","","","","",
"Madagascar","MDG","Pump price for gasoline (US$ per liter)","EP.PMP.SGAS.CD","","","","","","","","","","","","","","","","","","","","","","","","","","","","","","","","0.43","0.54","","","0.47","","","0.47","","0.76","","1.08","","1.05","","1.15","","1.55","","1.52","","1.49","","1.35","","1.11","","","","","",
"Maldives","MDV","Pump price for gasoline (US$ per liter)","EP.PMP.SGAS.CD","","","","","","","","","","","","","","","","","","","","","","","","","","","","","","","","","","","","","","","","","","","","","","","","","","","0.84","","1.1","","1.63","","","","","","","",
"Middle East & North Africa","MEA","Pump price for gasoline (US$ per liter)","EP.PMP.SGAS.CD","","","","","","","","","","","","","","","","","","","","","","","","","","","","","","","","","","","","","","","0.31","","0.29","","0.29","","0.31","","0.32","","0.45","","0.48","","0.525","","0.83","","0.55","","","","","",
"Mexico","MEX","Pump price for gasoline (US$ per liter)","EP.PMP.SGAS.CD","","","","","","","","","","","","","","","","","","","","","","","","","","","","","","","","","0.39","","","0.32","","","0.36","","0.61","","0.62","","0.59","","0.74","","0.74","","0.81","","0.86","","1.03","","0.73","","","","","",
"Marshall Islands","MHL","Pump price for gasoline (US$ per liter)","EP.PMP.SGAS.CD","","","","","","","","","","","","","","","","","","","","","","","","","","","","","","","","","","","","","","","","","","","","","","","","","","","","","","","1.44","","","","","","","",
"Middle income","MIC","Pump price for gasoline (US$ per liter)","EP.PMP.SGAS.CD","","","","","","","","","","","","","","","","","","","","","","","","","","","","","","","","","","","","","","","0.47","","0.53","","0.52","","0.7","","0.86","","0.96","","1.09","","1.29","","1.21","","0.91","","","","","",
"North Macedonia","MKD","Pump price for gasoline (US$ per liter)","EP.PMP.SGAS.CD","","","","","","","","","","","","","","","","","","","","","","","","","","","","","","","","","","","","0.93","","","0.7","","0.76","","0.85","","1.17","","1.23","","1.15","","1.52","","1.75","","1.49","","1.11","","","","","",
"Mali","MLI","Pump price for gasoline (US$ per liter)","EP.PMP.SGAS.CD","","","","","","","","","","","","","","","","","","","","","","","","","","","","","","","","1.12","1.14","","","0.82","","","0.77","","0.7","","0.69","","1.16","","1.22","","1.3","","1.42","","1.41","","1.47","","1.12","","","","","",
"Malta","MLT","Pump price for gasoline (US$ per liter)","EP.PMP.SGAS.CD","","","","","","","","","","","","","","","","","","","","","","","","","","","","","","","","","","","","","","","0.77","","0.81","","0.87","","1.18","","1.38","","1.66","","1.63","","1.92","","1.8","","1.36","","","","","",
"Myanmar","MMR","Pump price for gasoline (US$ per liter)","EP.PMP.SGAS.CD","","","","","","","","","","","","","","","","","","","","","","","","","","","","","","","","","","","","","","","0.13","","0.33","","0.36","","0.12","","0.66","","0.43","","0.8","","1.04","","1.14","","0.54","","","","","",
"Middle East & North Africa (excluding high income)","MNA","Pump price for gasoline (US$ per liter)","EP.PMP.SGAS.CD","","","","","","","","","","","","","","","","","","","","","","","","","","","","","","","","","","","","","","","0.35","","0.44","","0.29","","0.46","","0.6","","0.61","","0.94","","0.86","","0.895","","0.735","","","","","",
"Montenegro","MNE","Pump price for gasoline (US$ per liter)","EP.PMP.SGAS.CD","","","","","","","","","","","","","","","","","","","","","","","","","","","","","","","","","","","","0.76","","","0.61","","0.56","","0.74","","1.2","","1.51","","1.27","","1.62","","1.82","","1.6","","1.16","","","","","",
"Mongolia","MNG","Pump price for gasoline (US$ per liter)","EP.PMP.SGAS.CD","","","","","","","","","","","","","","","","","","","","","","","","","","","","","","","","","","","","","","","0.23","","0.38","","0.38","","0.61","","0.88","","1.38","","1.11","","1.29","","1.01","","0.72","","","","","",
"Northern Mariana Islands","MNP","Pump price for gasoline (US$ per liter)","EP.PMP.SGAS.CD","","","","","","","","","","","","","","","","","","","","","","","","","","","","","","","","","","","","","","","","","","","","","","","","","","","","","","","","","","","","","","",
"Mozambique","MOZ","Pump price for gasoline (US$ per liter)","EP.PMP.SGAS.CD","","","","","","","","","","","","","","","","","","","","","","","","","","","","","","","","0.74","0.48","","","0.53","","","0.55","","0.56","","0.46","","0.88","","1.15","","1.71","","1.11","","1.58","","1.55","","0.65","","","","","",
"Mauritania","MRT","Pump price for gasoline (US$ per liter)","EP.PMP.SGAS.CD","","","","","","","","","","","","","","","","","","","","","","","","","","","","","","","","0.86","0.85","","","","","","0.59","","0.67","","0.63","","0.8","","0.97","","1.49","","1.16","","1.43","","1.53","","1.13","","","","","",
"Mauritius","MUS","Pump price for gasoline (US$ per liter)","EP.PMP.SGAS.CD","","","","","","","","","","","","","","","","","","","","","","","","","","","","","","","","","","","","","","","","","","","","","","","","","","","1.55","","1.65","","1.65","","1.12","","","","","",
"Malawi","MWI","Pump price for gasoline (US$ per liter)","EP.PMP.SGAS.CD","","","","","","","","","","","","","","","","","","","","","","","","","","","","","","","","0.64","0.71","","","0.65","","","0.51","","0.69","","0.66","","0.95","","1.17","","1.78","","1.71","","1.93","","1.78","","1.15","","","","","",
"Malaysia","MYS","Pump price for gasoline (US$ per liter)","EP.PMP.SGAS.CD","","","","","","","","","","","","","","","","","","","","","","","","","","","","","","","","0.4","","","","0.42","","","0.28","","0.28","","0.35","","0.37","","0.53","","0.53","","0.59","","0.62","","0.68","","0.45","","","","","",
"North America","NAC","Pump price for gasoline (US$ per liter)","EP.PMP.SGAS.CD","","","","","","","","","","","","","","","","","","","","","","","","","","","","","","","","","0.395","","","0.395","","","0.365","","0.525","","0.455","","0.61","","0.735","","0.66","","0.985","","1.145","","0.965","","0.76","","","","","",
"Namibia","NAM","Pump price for gasoline (US$ per liter)","EP.PMP.SGAS.CD","","","","","","","","","","","","","","","","","","","","","","","","","","","","","","","","0.46","0.42","","","","","","0.38","","0.47","","0.45","","0.68","","0.87","","0.78","","1.06","","1.24","","1.08","","0.76","","","","","",
"New Caledonia","NCL","Pump price for gasoline (US$ per liter)","EP.PMP.SGAS.CD","","","","","","","","","","","","","","","","","","","","","","","","","","","","","","","","","","","","","","","","","","","","","","","","","","","","","","","","","","","","","","",
"Niger","NER","Pump price for gasoline (US$ per liter)","EP.PMP.SGAS.CD","","","","","","","","","","","","","","","","","","","","","","","","","","","","","","","","0.94","0.92","","","0.79","","","0.76","","0.68","","0.77","","1.02","","1.14","","0.99","","1.07","","1.12","","1.09","","0.88","","","","","",
"Nigeria","NGA","Pump price for gasoline (US$ per liter)","EP.PMP.SGAS.CD","","","","","","","","","","","","","","","","","","","","","","","","","","","","","","","","0.05","0.02","","","0.13","","","0.13","","0.27","","0.2","","0.39","","0.51","","0.59","","0.44","","0.62","","0.56","","0.46","","","","","",
"Nicaragua","NIC","Pump price for gasoline (US$ per liter)","EP.PMP.SGAS.CD","","","","","","","","","","","","","","","","","","","","","","","","","","","","","","","","","0.69","","","0.62","","","0.47","","0.62","","0.54","","0.69","","0.67","","0.87","","1.09","","1.23","","1.18","","0.91","","","","","",
"Netherlands","NLD","Pump price for gasoline (US$ per liter)","EP.PMP.SGAS.CD","","","","","","","","","","","","","","","","","","","","","","","","","","","","","","","","","","","","1.21","","","1.14","","1.03","","1.12","","1.62","","1.7","","1.68","","2.13","","2.33","","2.15","","1.68","","","","","",
"Norway","NOR","Pump price for gasoline (US$ per liter)","EP.PMP.SGAS.CD","","","","","","","","","","","","","","","","","","","","","","","","","","","","","","","","","","","","1.33","","","1.21","","1.19","","1.23","","1.61","","1.8","","1.63","","2.12","","2.53","","2.27","","1.78","","","","","",
"Nepal","NPL","Pump price for gasoline (US$ per liter)","EP.PMP.SGAS.CD","","","","","","","","","","","","","","","","","","","","","","","","","","","","","","","","0.65","","","","0.52","","","0.59","","0.63","","0.66","","0.72","","0.94","","1.13","","1.18","","1.44","","1.31","","0.91","","","","","",
"Nauru","NRU","Pump price for gasoline (US$ per liter)","EP.PMP.SGAS.CD","","","","","","","","","","","","","","","","","","","","","","","","","","","","","","","","","","","","","","","","","","","","","","","","","","","1.6","","","","","","","","","","","",
"New Zealand","NZL","Pump price for gasoline (US$ per liter)","EP.PMP.SGAS.CD","","","","","","","","","","","","","","","","","","","","","","","","","","","","","","","","","","","","0.61","","","0.64","","0.48","","0.55","","0.77","","0.98","","1.09","","1.47","","1.77","","1.71","","1.4","","","","","",
"OECD members","OED","Pump price for gasoline (US$ per liter)","EP.PMP.SGAS.CD","","","","","","","","","","","","","","","","","","","","","","","","","","","","","","","","","","","","0.845","","","0.84","","0.77","","0.865","","1.235","","1.3","","1.37","","1.67","","1.895","","1.725","","1.32","","","","","",
"Oman","OMN","Pump price for gasoline (US$ per liter)","EP.PMP.SGAS.CD","","","","","","","","","","","","","","","","","","","","","","","","","","","","","","","","","","","","","","","0.31","","0.31","","0.31","","0.31","","0.31","","0.31","","0.31","","0.31","","0.31","","0.45","","","","","",
"Other small states","OSS","Pump price for gasoline (US$ per liter)","EP.PMP.SGAS.CD","","","","","","","","","","","","","","","","","","","","","","","","","","","","","","","","","","","","","","","0.52","","0.56","","","","0.76","","0.89","","0.91","","1.24","","1.3","","1.37","","1.02","","","","","",
"Pakistan","PAK","Pump price for gasoline (US$ per liter)","EP.PMP.SGAS.CD","","","","","","","","","","","","","","","","","","","","","","","","","","","","","","","","","","","","0.47","","","0.46","","0.53","","0.52","","0.62","","1.01","","0.84","","0.86","","1.14","","0.94","","0.79","","","","","",
"Panama","PAN","Pump price for gasoline (US$ per liter)","EP.PMP.SGAS.CD","","","","","","","","","","","","","","","","","","","","","","","","","","","","","","","","","0.43","","","","","","0.41","","0.53","","0.51","","0.54","","0.7","","0.67","","0.85","","1.05","","0.96","","0.74","","","","","",
"Peru","PER","Pump price for gasoline (US$ per liter)","EP.PMP.SGAS.CD","","","","","","","","","","","","","","","","","","","","","","","","","","","","","","","","","0.56","","","0.68","","","0.55","","0.8","","0.74","","1.12","","1.22","","1.42","","1.41","","1.63","","1.46","","0.99","","","","","",
"Philippines","PHL","Pump price for gasoline (US$ per liter)","EP.PMP.SGAS.CD","","","","","","","","","","","","","","","","","","","","","","","","","","","","","","","","0.4","","","","0.34","","","0.34","","0.37","","0.35","","0.52","","0.76","","0.91","","1.05","","1.25","","1.05","","0.86","","","","","",
"Palau","PLW","Pump price for gasoline (US$ per liter)","EP.PMP.SGAS.CD","","","","","","","","","","","","","","","","","","","","","","","","","","","","","","","","","","","","","","","","","","","","","","","","","","","","","","","","","","","","","","",
"Papua New Guinea","PNG","Pump price for gasoline (US$ per liter)","EP.PMP.SGAS.CD","","","","","","","","","","","","","","","","","","","","","","","","","","","","","","","","","","","","","","","0.41","","0.53","","","","0.94","","","","0.94","","","","","","1.36","","","","","","","",
"Poland","POL","Pump price for gasoline (US$ per liter)","EP.PMP.SGAS.CD","","","","","","","","","","","","","","","","","","","","","","","","","","","","","","","","","","","","0.55","","","0.54","","0.76","","0.83","","1.2","","1.3","","1.43","","1.57","","1.74","","1.42","","1.07","","","","","",
"Pre-demographic dividend","PRE","Pump price for gasoline (US$ per liter)","EP.PMP.SGAS.CD","","","","","","","","","","","","","","","","","","","","","","","","","","","","","","","","0.71","0.7","","","0.625","","","0.635","","0.68","","0.665","","0.92","","1.12","","1.22","","1.275","","1.39","","1.35","","0.97","","","","","",
"Puerto Rico","PRI","Pump price for gasoline (US$ per liter)","EP.PMP.SGAS.CD","","","","","","","","","","","","","","","","","","","","","","","","","","","","","","","","","","","","","","","","","","","","","","","","","","","","","","","","","","","","","","",
"Korea, Dem. People's Rep.","PRK","Pump price for gasoline (US$ per liter)","EP.PMP.SGAS.CD","","","","","","","","","","","","","","","","","","","","","","","","","","","","","","","","","","","","","","","0.73","","0.55","","0.55","","0.78","","0.71","","0.76","","","","","","0.94","","0.58","","","","","",
"Portugal","PRT","Pump price for gasoline (US$ per liter)","EP.PMP.SGAS.CD","","","","","","","","","","","","","","","","","","","","","","","","","","","","","","","","","","","","","","","1.02","","0.77","","0.97","","1.38","","1.56","","1.61","","1.85","","2.15","","1.89","","1.54","","","","","",
"Paraguay","PRY","Pump price for gasoline (US$ per liter)","EP.PMP.SGAS.CD","","","","","","","","","","","","","","","","","","","","","","","","","","","","","","","","","0.43","","","0.44","","","0.47","","0.72","","0.56","","0.62","","0.97","","1.17","","1.28","","1.74","","1.59","","1.04","","","","","",
"West Bank and Gaza","PSE","Pump price for gasoline (US$ per liter)","EP.PMP.SGAS.CD","","","","","","","","","","","","","","","","","","","","","","","","","","","","","","","","","","","","","","","0.86","","1.08","","0.99","","1.17","","1.29","","1.34","","1.71","","1.87","","1.77","","1.54","","","","","",
"Pacific island small states","PSS","Pump price for gasoline (US$ per liter)","EP.PMP.SGAS.CD","","","","","","","","","","","","","","","","","","","","","","","","","","","","","","","","","","","","","","","","","","","","","","","","","","","","","","","","","","","","","","",
"Post-demographic dividend","PST","Pump price for gasoline (US$ per liter)","EP.PMP.SGAS.CD","","","","","","","","","","","","","","","","","","","","","","","","","","","","","","","","","","","","0.905","","","0.775","","0.795","","0.88","","1.21","","1.3","","1.37","","1.63","","1.86","","1.69","","1.29","","","","","",
"French Polynesia","PYF","Pump price for gasoline (US$ per liter)","EP.PMP.SGAS.CD","","","","","","","","","","","","","","","","","","","","","","","","","","","","","","","","","","","","","","","","","","","","","","","1.49","","1.58","","1.7","","","","","","","","","","","",
"Qatar","QAT","Pump price for gasoline (US$ per liter)","EP.PMP.SGAS.CD","","","","","","","","","","","","","","","","","","","","","","","","","","","","","","","","","","","","","","","0.16","","","","","","0.21","","0.19","","0.22","","0.19","","0.27","","0.23","","0.4","","","","","",
"Romania","ROU","Pump price for gasoline (US$ per liter)","EP.PMP.SGAS.CD","","","","","","","","","","","","","","","","","","","","","","","","","","","","","","","","","","","","0.29","","","0.53","","0.46","","0.64","","0.96","","1.26","","1.11","","1.46","","1.7","","1.59","","1.16","","","","","",
"Russian Federation","RUS","Pump price for gasoline (US$ per liter)","EP.PMP.SGAS.CD","","","","","","","","","","","","","","","","","","","","","","","","","","","","","","","","","","","","0.35","","","0.28","","0.33","","0.35","","0.55","","0.77","","0.89","","0.84","","0.99","","0.81","","0.59","","","","","",
"Rwanda","RWA","Pump price for gasoline (US$ per liter)","EP.PMP.SGAS.CD","","","","","","","","","","","","","","","","","","","","","","","","","","","","","","","","0.81","0.93","","","","","","0.72","","0.89","","0.84","","0.98","","1.11","","1.37","","1.63","","1.73","","1.41","","1.17","","","","","",
"South Asia","SAS","Pump price for gasoline (US$ per liter)","EP.PMP.SGAS.CD","","","","","","","","","","","","","","","","","","","","","","","","","","","","","","","","","","","","0.48","","","0.575","","0.59","","0.53","","0.72","","0.91","","1.09","","1.12","","1.22","","1.185","","0.91","","","","","",
"Saudi Arabia","SAU","Pump price for gasoline (US$ per liter)","EP.PMP.SGAS.CD","","","","","","","","","","","","","","","","","","","","","","","","","","","","","","","","","","","","0.16","","","0.16","","0.24","","0.24","","0.24","","0.16","","0.16","","0.16","","0.16","","0.16","","0.24","","","","","",
"Sudan","SDN","Pump price for gasoline (US$ per liter)","EP.PMP.SGAS.CD","","","","","","","","","","","","","","","","","","","","","","","","","","","","","","","","0.07","0.58","","","0.5","","","0.33","","0.28","","0.3","","0.47","","0.72","","0.65","","0.62","","0.63","","0.82","","0.95","","","","","",
"Senegal","SEN","Pump price for gasoline (US$ per liter)","EP.PMP.SGAS.CD","","","","","","","","","","","","","","","","","","","","","","","","","","","","","","","","1.19","1.23","","","0.94","","","0.71","","0.73","","0.75","","1.1","","1.31","","1.35","","1.57","","1.72","","1.7","","1.14","","","","","",
"Singapore","SGP","Pump price for gasoline (US$ per liter)","EP.PMP.SGAS.CD","","","","","","","","","","","","","","","","","","","","","","","","","","","","","","","","0.61","","","","0.85","","","0.72","","0.84","","0.85","","0.89","","0.92","","1.07","","1.42","","1.68","","1.58","","1.25","","","","","",
"Solomon Islands","SLB","Pump price for gasoline (US$ per liter)","EP.PMP.SGAS.CD","","","","","","","","","","","","","","","","","","","","","","","","","","","","","","","","","","","","","","","","","","","","","","","","","","","","","","","","","","","","","","",
"Sierra Leone","SLE","Pump price for gasoline (US$ per liter)","EP.PMP.SGAS.CD","","","","","","","","","","","","","","","","","","","","","","","","","","","","","","","","0.45","0.49","","","","","","0.61","","","","0.51","","0.76","","0.98","","0.91","","0.94","","1.05","","1.04","","1.08","","","","","",
"El Salvador","SLV","Pump price for gasoline (US$ per liter)","EP.PMP.SGAS.CD","","","","","","","","","","","","","","","","","","","","","","","","","","","","","","","","","","","","","","","0.54","","0.67","","0.46","","0.65","","0.82","","0.78","","0.92","","1.26","","1.12","","0.83","","","","","",
"San Marino","SMR","Pump price for gasoline (US$ per liter)","EP.PMP.SGAS.CD","","","","","","","","","","","","","","","","","","","","","","","","","","","","","","","","","","","","","","","","","","","","","","","","","","","","","","","","","","","","","","",
"Somalia","SOM","Pump price for gasoline (US$ per liter)","EP.PMP.SGAS.CD","","","","","","","","","","","","","","","","","","","","","","","","","","","","","","","","","","","","","","","","","","","0.35","","1.36","","0.74","","1.12","","","","","","","","1.41","","","","","",
"Serbia","SRB","Pump price for gasoline (US$ per liter)","EP.PMP.SGAS.CD","","","","","","","","","","","","","","","","","","","","","","","","","","","","","","","","","","","","0.76","","","0.61","","0.56","","0.74","","1","","1.45","","1.29","","1.5","","1.78","","1.55","","1.16","","","","","",
"Sub-Saharan Africa (excluding high income)","SSA","Pump price for gasoline (US$ per liter)","EP.PMP.SGAS.CD","","","","","","","","","","","","","","","","","","","","","","","","","","","","","","","","0.68","0.62","","","0.56","","","0.59","","0.615","","0.66","","0.88","","1.035","","1.14","","1.245","","1.355","","1.32","","0.95","","","","","",
"South Sudan","SSD","Pump price for gasoline (US$ per liter)","EP.PMP.SGAS.CD","","","","","","","","","","","","","","","","","","","","","","","","","","","","","","","","","","","","","","","","","","","","","","","1.76","","1.59","","1.5","","1.97","","1.98","","0.28","","","","","",
"Sub-Saharan Africa","SSF","Pump price for gasoline (US$ per liter)","EP.PMP.SGAS.CD","","","","","","","","","","","","","","","","","","","","","","","","","","","","","","","","0.68","0.62","","","0.56","","","0.59","","0.615","","0.66","","0.88","","1.035","","1.14","","1.245","","1.355","","1.32","","0.95","","","","","",
"Small states","SST","Pump price for gasoline (US$ per liter)","EP.PMP.SGAS.CD","","","","","","","","","","","","","","","","","","","","","","","","","","","","","","","","","","","","","","","","","","","","","0.745","","","","0.91","","1.08","","1.4","","1.32","","1","","","","","",
"Sao Tome and Principe","STP","Pump price for gasoline (US$ per liter)","EP.PMP.SGAS.CD","","","","","","","","","","","","","","","","","","","","","","","","","","","","","","","","","","","","","","","","","","","","","","","","","","","","","","","","","","","","","","",
"Suriname","SUR","Pump price for gasoline (US$ per liter)","EP.PMP.SGAS.CD","","","","","","","","","","","","","","","","","","","","","","","","","","","","","","","","","","","","","","","0.56","","0.56","","0.56","","0.5","","0.94","","0.91","","1.14","","1.57","","1.29","","","","","","","",
"Slovak Republic","SVK","Pump price for gasoline (US$ per liter)","EP.PMP.SGAS.CD","","","","","","","","","","","","","","","","","","","","","","","","","","","","","","","","","","","","0.66","","","0.61","","0.69","","0.74","","1.17","","1.35","","1.57","","1.7","","1.98","","1.77","","1.32","","","","","",
"Slovenia","SVN","Pump price for gasoline (US$ per liter)","EP.PMP.SGAS.CD","","","","","","","","","","","","","","","","","","","","","","","","","","","","","","","","","","","","0.59","","","0.66","","0.63","","0.76","","1.12","","1.23","","1.18","","1.67","","1.86","","1.78","","1.32","","","","","",
"Sweden","SWE","Pump price for gasoline (US$ per liter)","EP.PMP.SGAS.CD","","","","","","","","","","","","","","","","","","","","","","","","","","","","","","","","","","","","1.17","","","1.09","","0.94","","1.06","","1.51","","1.46","","1.38","","1.87","","2.1","","1.82","","1.42","","","","","",
"Eswatini","SWZ","Pump price for gasoline (US$ per liter)","EP.PMP.SGAS.CD","","","","","","","","","","","","","","","","","","","","","","","","","","","","","","","","0.46","0.43","","","","","","0.37","","0.47","","","","0.76","","0.8","","0.86","","1.07","","1.3","","1.14","","0.77","","","","","",
"Sint Maarten (Dutch part)","SXM","Pump price for gasoline (US$ per liter)","EP.PMP.SGAS.CD","","","","","","","","","","","","","","","","","","","","","","","","","","","","","","","","","","","","","","","","","","","","","","","","","","","","","","","","","","","","","","",
"Seychelles","SYC","Pump price for gasoline (US$ per liter)","EP.PMP.SGAS.CD","","","","","","","","","","","","","","","","","","","","","","","","","","","","","","","","","","","","","","","","","","","","","","","","","","","","","","","","","","","","","","",
"Syrian Arab Republic","SYR","Pump price for gasoline (US$ per liter)","EP.PMP.SGAS.CD","","","","","","","","","","","","","","","","","","","","","","","","","","","","","","","","","","","","","","","0.45","","0.44","","0.53","","0.46","","0.6","","0.85","","0.96","","0.79","","0.83","","","","","","","",
"Turks and Caicos Islands","TCA","Pump price for gasoline (US$ per liter)","EP.PMP.SGAS.CD","","","","","","","","","","","","","","","","","","","","","","","","","","","","","","","","","","","","","","","","","","","","","","","","","","","","","","","","","","","","","","",
"Chad","TCD","Pump price for gasoline (US$ per liter)","EP.PMP.SGAS.CD","","","","","","","","","","","","","","","","","","","","","","","","","","","","","","","","1.05","1.02","","","0.8","","","0.7","","0.68","","0.79","","1.17","","1.31","","1.3","","1.32","","0.95","","0.9","","0.78","","","","","",
"East Asia & Pacific (IDA & IBRD countries)","TEA","Pump price for gasoline (US$ per liter)","EP.PMP.SGAS.CD","","","","","","","","","","","","","","","","","","","","","","","","","","","","","","","","","","","","","","","0.305","","","","","","0.54","","0.73","","0.92","","1.11","","1.31","","1.17","","0.84","","","","","",
"Europe & Central Asia (IDA & IBRD countries)","TEC","Pump price for gasoline (US$ per liter)","EP.PMP.SGAS.CD","","","","","","","","","","","","","","","","","","","","","","","","","","","","","","","","","","","","0.555","","","0.51","","0.55","","0.57","","0.825","","1.005","","1.13","","1.21","","1.45","","1.32","","1.03","","","","","",
"Togo","TGO","Pump price for gasoline (US$ per liter)","EP.PMP.SGAS.CD","","","","","","","","","","","","","","","","","","","","","","","","","","","","","","","","0.81","0.72","","","0.47","","","0.42","","0.48","","0.56","","0.85","","1.03","","0.89","","1.18","","1.16","","1.25","","0.71","","","","","",
"Thailand","THA","Pump price for gasoline (US$ per liter)","EP.PMP.SGAS.CD","","","","","","","","","","","","","","","","","","","","","","","","","","","","","","","","0.36","","","","0.34","","","0.3","","0.39","","0.36","","0.54","","0.7","","0.87","","1.41","","1.56","","1.29","","0.71","","","","","",
"Tajikistan","TJK","Pump price for gasoline (US$ per liter)","EP.PMP.SGAS.CD","","","","","","","","","","","","","","","","","","","","","","","","","","","","","","","","","","","","","","","0.26","","0.45","","0.36","","0.67","","0.8","","1.03","","1.02","","1.45","","1.32","","0.71","","","","","",
"Turkmenistan","TKM","Pump price for gasoline (US$ per liter)","EP.PMP.SGAS.CD","","","","","","","","","","","","","","","","","","","","","","","","","","","","","","","","","","","","","","","0.09","","0.02","","0.02","","0.02","","0.02","","0.22","","0.22","","0.22","","0.22","","0.29","","","","","",
"Latin America & the Caribbean (IDA & IBRD countries)","TLA","Pump price for gasoline (US$ per liter)","EP.PMP.SGAS.CD","","","","","","","","","","","","","","","","","","","","","","","","","","","","","","","","","","","","0.4","","","0.47","","0.62","","0.54","","0.685","","0.89","","0.865","","1.03","","1.27","","1.19","","0.945","","","","","",
"Timor-Leste","TLS","Pump price for gasoline (US$ per liter)","EP.PMP.SGAS.CD","","","","","","","","","","","","","","","","","","","","","","","","","","","","","","","","","","","","","","","","","","","","","0.65","","0.98","","1.22","","1.4","","1.65","","1.17","","1.1","","","","","",
"Middle East & North Africa (IDA & IBRD countries)","TMN","Pump price for gasoline (US$ per liter)","EP.PMP.SGAS.CD","","","","","","","","","","","","","","","","","","","","","","","","","","","","","","","","","","","","","","","0.33","","0.355","","0.255","","0.39","","0.46","","0.55","","0.86","","0.79","","0.88","","0.73","","","","","",
"Tonga","TON","Pump price for gasoline (US$ per liter)","EP.PMP.SGAS.CD","","","","","","","","","","","","","","","","","","","","","","","","","","","","","","","","","","","","","","","","","","","","","","","","","","","","","","","","","","","","","","",
"South Asia (IDA & IBRD)","TSA","Pump price for gasoline (US$ per liter)","EP.PMP.SGAS.CD","","","","","","","","","","","","","","","","","","","","","","","","","","","","","","","","","","","","0.48","","","0.575","","0.59","","0.53","","0.72","","0.91","","1.09","","1.12","","1.22","","1.185","","0.91","","","","","",
"Sub-Saharan Africa (IDA & IBRD countries)","TSS","Pump price for gasoline (US$ per liter)","EP.PMP.SGAS.CD","","","","","","","","","","","","","","","","","","","","","","","","","","","","","","","","0.68","0.62","","","0.56","","","0.59","","0.615","","0.66","","0.88","","1.035","","1.14","","1.245","","1.355","","1.32","","0.95","","","","","",
"Trinidad and Tobago","TTO","Pump price for gasoline (US$ per liter)","EP.PMP.SGAS.CD","","","","","","","","","","","","","","","","","","","","","","","","","","","","","","","","","","","","","","","0.39","","0.39","","0.4","","0.35","","0.43","","0.36","","","","","","","","0.54","","","","","",
"Tunisia","TUN","Pump price for gasoline (US$ per liter)","EP.PMP.SGAS.CD","","","","","","","","","","","","","","","","","","","","","","","","","","","","","","","","0.58","0.52","","","0.64","","","0.6","","0.49","","0.29","","0.68","","0.83","","0.96","","0.94","","0.93","","0.91","","0.73","","","","","",
"Turkey","TUR","Pump price for gasoline (US$ per liter)","EP.PMP.SGAS.CD","","","","","","","","","","","","","","","","","","","","","","","","","","","","","","","","","","","","0.56","","","0.78","","0.88","","1.02","","1.44","","1.88","","1.87","","2.52","","2.54","","2.06","","1.42","","","","","",
"Tuvalu","TUV","Pump price for gasoline (US$ per liter)","EP.PMP.SGAS.CD","","","","","","","","","","","","","","","","","","","","","","","","","","","","","","","","","","","","","","","","","","","","","","","","","","","","","","","","","","","","","","",
"Tanzania","TZA","Pump price for gasoline (US$ per liter)","EP.PMP.SGAS.CD","","","","","","","","","","","","","","","","","","","","","","","","","","","","","","","","0.42","0.43","","","0.56","","","0.63","","0.75","","0.67","","0.93","","1.04","","1.11","","1.22","","1.31","","1.29","","0.87","","","","","",
"Uganda","UGA","Pump price for gasoline (US$ per liter)","EP.PMP.SGAS.CD","","","","","","","","","","","","","","","","","","","","","","","","","","","","","","","","0.69","0.79","","","0.98","","","0.86","","0.86","","0.83","","1.02","","1.17","","1.3","","1.42","","","","1.4","","0.94","","","","","",
"Ukraine","UKR","Pump price for gasoline (US$ per liter)","EP.PMP.SGAS.CD","","","","","","","","","","","","","","","","","","","","","","","","","","","","","","","","","","","","","","","0.49","","0.37","","0.47","","0.55","","0.81","","0.88","","1.01","","1.35","","1.17","","0.83","","","","","",
"Upper middle income","UMC","Pump price for gasoline (US$ per liter)","EP.PMP.SGAS.CD","","","","","","","","","","","","","","","","","","","","","","","","","","","","","","","","","","","","","","","0.445","","0.53","","0.53","","0.71","","0.865","","1.04","","1.13","","1.385","","1.27","","0.91","","","","","",
"Uruguay","URY","Pump price for gasoline (US$ per liter)","EP.PMP.SGAS.CD","","","","","","","","","","","","","","","","","","","","","","","","","","","","","","","","","","","","0.89","","","0.9","","1.19","","0.46","","1.13","","1.23","","1.18","","1.49","","1.97","","1.8","","1.5","","","","","",
"United States","USA","Pump price for gasoline (US$ per liter)","EP.PMP.SGAS.CD","","","","","","","","","","","","","","","","","","","","","","","","","","","","","","","","","0.32","","","0.34","","","0.32","","0.47","","0.4","","0.54","","0.63","","0.56","","0.76","","0.97","","0.76","","0.71","","","","","",
"Uzbekistan","UZB","Pump price for gasoline (US$ per liter)","EP.PMP.SGAS.CD","","","","","","","","","","","","","","","","","","","","","","","","","","","","","","","","","","","","0.32","","","0.11","","0.14","","0.38","","0.35","","0.85","","1.35","","0.92","","1.02","","1.02","","1.03","","","","","",
"St. Vincent and the Grenadines","VCT","Pump price for gasoline (US$ per liter)","EP.PMP.SGAS.CD","","","","","","","","","","","","","","","","","","","","","","","","","","","","","","","","","","","","","","","","","","","","","","","","","","","","","","","","","","","","","","",
"Venezuela, RB","VEN","Pump price for gasoline (US$ per liter)","EP.PMP.SGAS.CD","","","","","","","","","","","","","","","","","","","","","","","","","","","","","","","","","","","","0.03","","","0.14","","0.12","","0.05","","0.04","","0.03","","0.02","","0.023","","0.023","","0.015","","8E-05","","","","","",
"British Virgin Islands","VGB","Pump price for gasoline (US$ per liter)","EP.PMP.SGAS.CD","","","","","","","","","","","","","","","","","","","","","","","","","","","","","","","","","","","","","","","","","","","","","","","","","","","","","","","","","","","","","","",
"Virgin Islands (U.S.)","VIR","Pump price for gasoline (US$ per liter)","EP.PMP.SGAS.CD","","","","","","","","","","","","","","","","","","","","","","","","","","","","","","","","","","","","","","","","","","","","","","","","","","","","","","","","","","","","","","",
"Vietnam","VNM","Pump price for gasoline (US$ per liter)","EP.PMP.SGAS.CD","","","","","","","","","","","","","","","","","","","","","","","","","","","","","","","","","","","","0.34","","","0.35","","0.38","","0.34","","0.48","","0.67","","0.8","","0.88","","1.15","","1.04","","0.8","","","","","",
"Vanuatu","VUT","Pump price for gasoline (US$ per liter)","EP.PMP.SGAS.CD","","","","","","","","","","","","","","","","","","","","","","","","","","","","","","","","","","","","","","","","","","","","","","","","","","","","","","","","","1.31","","","","","",
"World","WLD","Pump price for gasoline (US$ per liter)","EP.PMP.SGAS.CD","","","","","","","","","","","","","","","","","","","","","","","","","","","","","","","","","","","","","","","0.54","","0.6","","0.58","","0.805","","0.98","","1.11","","1.22","","1.41","","1.34","","0.97","","","","","",
"Samoa","WSM","Pump price for gasoline (US$ per liter)","EP.PMP.SGAS.CD","","","","","","","","","","","","","","","","","","","","","","","","","","","","","","","","","","","","","","","","","","","","","","","","","","","1.03","","","","","","0.91","","","","","",
"Kosovo","XKX","Pump price for gasoline (US$ per liter)","EP.PMP.SGAS.CD","","","","","","","","","","","","","","","","","","","","","","","","","","","","","","","","","","","","0.76","","","0.61","","0.56","","0.74","","1.16","","1.22","","1.1","","1.63","","1.65","","1.54","","1.11","","","","","",
"Yemen, Rep.","YEM","Pump price for gasoline (US$ per liter)","EP.PMP.SGAS.CD","","","","","","","","","","","","","","","","","","","","","","","","","","","","","","","","","","","","","","","0.26","","0.21","","0.21","","0.19","","0.3","","0.3","","0.35","","0.58","","0.7","","0.92","","","","","",
"South Africa","ZAF","Pump price for gasoline (US$ per liter)","EP.PMP.SGAS.CD","","","","","","","","","","","","","","","","","","","","","","","","","","","","","","","","","0.52","","","0.51","","","0.43","","0.5","","0.43","","0.81","","0.85","","0.87","","1.19","","1.38","","1.19","","0.92","","","","","",
"Zambia","ZMB","Pump price for gasoline (US$ per liter)","EP.PMP.SGAS.CD","","","","","","","","","","","","","","","","","","","","","","","","","","","","","","","","0.4","0.72","","","0.6","","","0.53","","","","0.72","","1.1","","1.31","","1.7","","1.66","","1.48","","1.68","","1.4","","","","","",
"Zimbabwe","ZWE","Pump price for gasoline (US$ per liter)","EP.PMP.SGAS.CD","","","","","","","","","","","","","","","","","","","","","","","","","","","","","","","","0.68","0.47","","","0.38","","","0.26","","0.85","","0.05","","0.61","","","","1.3","","1.29","","1.52","","1.56","","1.34","","","","","",
